,Similarity,EmojiSequence
0,0.8821924,π‘π‘π‘π‘
1,0.85959226,π‘π»π‘π»π‘π»
2,0.858783,π‘πΌπ‘πΌ
3,0.8578279,π‘π»π‘π»π‘π»π‘π»
4,0.8556684,π‘πΌπ‘πΌπ‘πΌ
5,0.8519434,π‘π»π‘π»
6,0.8475291,π‘π½π‘π½π‘π½
7,0.8469969,π‘π‘π‘π‘π‘
8,0.8399056,π‘π½π‘π½
9,0.838858,π‘π‘π‘π‘π‘π‘
10,0.8388082,π‘π‘
11,0.78674054,π‘π‘π‘
12,0.76407933,π‰π‰
13,0.7214307,π¥³π¥³π¥³π¥³
14,0.7102977,π‰π‰π‰
15,0.7043757,π¥³π¥³π¥³
16,0.70052195,π’π’
17,0.6968833,π¥³π¥³
18,0.6957712,π’π’π’
