,Similarity,EmojiSequence
0,0.9360118,🤣🤣🤣
1,0.91017777,🤣🤣🤣🤣
2,0.9035893,🤣🤣
3,0.84666455,😂🤣😂🤣
4,0.8458867,🤣🤣🤣🤣🤣
5,0.8394553,🤣🤣🤣🤣🤣🤣
6,0.836576,🤣🤣🤣🤣🤣🤣🤣🤣
7,0.8323775,🤣😂🤣
8,0.8322911,🤣🤣🤣🤣🤣🤣🤣🤣🤣
9,0.8303901,🤣🤣🤣🤣🤣🤣🤣
10,0.80939114,😂🤣
11,0.8071507,🤣😂🤣😂
12,0.80532104,😜😜😜
13,0.8021637,🤣😂
14,0.80137813,🤣🤣🤣🤣🤣🤣🤣🤣🤣🤣
15,0.795497,🤔🤔🤔🤔
16,0.78822076,😂🤣😂
17,0.7790684,😅😅😅
18,0.7704729,😹😹😹
19,0.7605939,😜😜
20,0.759923,😆😆😆
21,0.7572302,🤭🤭🤭
22,0.7345791,🤔🤔🤔
23,0.71178114,🤭🤭
24,0.7108357,🤔🤔
25,0.6885622,😆😆
