,Similarity,EmojiSequence
0,0.82206297,π‘π‘
1,0.7989615,π’π»π’π»
2,0.79758686,π‘π½π‘π½
3,0.7947203,π‘π»π‘π»
4,0.7943852,π‘π‘π‘π‘
5,0.7896781,π‘πΌπ‘πΌπ‘πΌ
6,0.7845693,π’π½
7,0.7845022,ππ‘
8,0.78250426,π‘πΌπ‘πΌ
9,0.7824799,π‘π»π‘π»π‘π»π‘π»
10,0.7785332,π‘π½π‘π½π‘π½
11,0.77597785,π‘πΏ
12,0.7742492,π‘π»π‘π»π‘π»
13,0.7734925,π‘πΎ
14,0.7733128,π‘π‘π‘π‘π‘π‘
15,0.7726259,π‘π‘
16,0.7651408,π‘π½
17,0.76071095,π‘π‘π‘π‘π‘
18,0.75867355,π’π»π’π»π’π»
19,0.7583293,π‘π‘π‘π‘
20,0.75764906,π‘π»
21,0.7562554,π’π’π’π’
22,0.7539095,π‘π‘
23,0.75074244,π¤™
24,0.75026155,π‘π»
25,0.74796975,π‘πΌ
26,0.74485564,π‘πΌ
27,0.7445792,π’π’
28,0.7443491,π‘πΌ
29,0.74364245,π‘πΎ
30,0.73894024,π‘π½
31,0.73810214,π’πΌ
32,0.7367388,π‘π’
33,0.7297133,π™πΌ
34,0.7289275,π’π»
35,0.72616255,π‘π»π‘π»
36,0.7186889,π‘π½
37,0.71785855,π‘
38,0.7175425,π’π’π’
39,0.71091175,π‘πΌ
40,0.6994301,π‘π‘π‘
41,0.69332504,π’πΎ
42,0.69289005,ππ‘
43,0.6874807,βπΌ
44,0.68655056,π
45,0.681713,π€π‘
46,0.6795659,π¤π¤›
47,0.6752753,π‰π‘
48,0.67252755,π‘π‘π‘
49,0.672473,π‘π‘
50,0.6674183,πππ
51,0.6628407,π‘π»
52,0.66229224,π‰π‰
53,0.66079736,ππ‘
54,0.65946305,π‘π‘
55,0.6539663,π¥³π¥³
56,0.6535392,π‘
57,0.649346,π‘π»
58,0.6483959,π¤™π»
59,0.645042,π™‚π‘
60,0.6445347,π‰
61,0.63694537,π¤
62,0.6350017,π‘
63,0.63459474,π¤ 
64,0.63400495,π’
65,0.62490356,ππ
66,0.62467986,π‘π‘π‘
67,0.62098235,π’›π–¤
68,0.6206082,βπ»
69,0.6180726,π€π€
70,0.6082669,π¥³π¥³π¥³
71,0.601089,ππ
72,0.6001011,β…β…β…
73,0.59437084,π‘
74,0.5935538,β…β…
75,0.59277374,π¤“
76,0.58834326,π¤©
77,0.58435893,π€π€π€
78,0.58427006,π‰π‰π‰
79,0.5733032,π¤‘
80,0.5558081,π»
81,0.555074,π¤
82,0.5487518,π¥³
83,0.5425037,β
84,0.52453697,π‰
85,0.50105613,π™‚
86,0.48895043,πΊ
87,0.48075646,π”
88,0.47553638,π
89,0.45781755,π¤
90,0.4508698,π‡¨π‡±
91,0.42160678,β
