,Similarity,EmojiSequence
0,0.8111042,✅
1,0.76540637,❌
2,0.71193314,✔
3,0.54183,⭐
