,Similarity,EmojiSequence
0,0.88481534,✨
1,0.8120725,✨✨
2,0.7572121,🌟
3,0.75248694,📮
